{"cameraMode":{"drawMode":0,"name":"Shaded","section":"Shading Mode"},"sceneLighting":false,"audioPlay":false,"sceneViewState":{"showFog":true,"showMaterialUpdate":false,"showSkybox":false,"showFlares":true,"showImageEffects":true,"showParticleSystems":true},"in2DMode":false,"pivot":{"x":1.6278456449508668,"y":-0.9123468995094299,"z":0.6243243217468262},"rotation":{"x":-0.005478535313159227,"y":0.8433144688606262,"z":0.008592531085014344,"w":0.5373330116271973},"size":0.608585000038147,"orthographic":false}