{"cameraMode":{"drawMode":0,"name":"Shaded","section":"Shading Mode"},"sceneLighting":false,"audioPlay":false,"sceneViewState":{"showFog":true,"showMaterialUpdate":false,"showSkybox":true,"showFlares":true,"showImageEffects":true,"showParticleSystems":true},"in2DMode":false,"pivot":{"x":-0.5834516882896423,"y":6.239296913146973,"z":12.27819538116455},"rotation":{"x":-0.3215014934539795,"y":0.0019861049950122835,"z":-0.0006719865486957133,"w":-0.9469225406646729},"size":8.791610717773438,"orthographic":false}