{"cameraMode":{"drawMode":0,"name":"Shaded","section":"Shading Mode"},"sceneLighting":false,"audioPlay":false,"sceneViewState":{"showFog":true,"showMaterialUpdate":false,"showSkybox":true,"showFlares":true,"showImageEffects":true,"showParticleSystems":true},"in2DMode":false,"pivot":{"x":-1.4076404571533204,"y":-4.829450607299805,"z":9.834964752197266},"rotation":{"x":-0.0396822988986969,"y":0.48164767026901247,"z":-0.021837672218680383,"w":-0.8751973509788513},"size":7.161539077758789,"orthographic":false}